{"assets/audios/background.mp3":["assets/audios/background.mp3"],"assets/audios/bonusHit.mp3":["assets/audios/bonusHit.mp3"],"assets/audios/bossDeath.mp3":["assets/audios/bossDeath.mp3"],"assets/audios/hit.mp3":["assets/audios/hit.mp3"],"assets/images/bonus1.png":["assets/images/bonus1.png"],"assets/images/bonus2.png":["assets/images/bonus2.png"],"assets/images/bonuss1.png":["assets/images/bonuss1.png"],"assets/images/hit.png":["assets/images/hit.png"],"assets/images/splash.png":["assets/images/splash.png"],"assets/images/stage%20(1).png":["assets/images/stage%20(1).png"],"assets/images/stage%20(10).png":["assets/images/stage%20(10).png"],"assets/images/stage%20(11).png":["assets/images/stage%20(11).png"],"assets/images/stage%20(12).png":["assets/images/stage%20(12).png"],"assets/images/stage%20(13).png":["assets/images/stage%20(13).png"],"assets/images/stage%20(14).png":["assets/images/stage%20(14).png"],"assets/images/stage%20(15).png":["assets/images/stage%20(15).png"],"assets/images/stage%20(16).png":["assets/images/stage%20(16).png"],"assets/images/stage%20(17).png":["assets/images/stage%20(17).png"],"assets/images/stage%20(18).png":["assets/images/stage%20(18).png"],"assets/images/stage%20(19).png":["assets/images/stage%20(19).png"],"assets/images/stage%20(2).png":["assets/images/stage%20(2).png"],"assets/images/stage%20(20).png":["assets/images/stage%20(20).png"],"assets/images/stage%20(21).png":["assets/images/stage%20(21).png"],"assets/images/stage%20(22).png":["assets/images/stage%20(22).png"],"assets/images/stage%20(23).png":["assets/images/stage%20(23).png"],"assets/images/stage%20(24).png":["assets/images/stage%20(24).png"],"assets/images/stage%20(25).png":["assets/images/stage%20(25).png"],"assets/images/stage%20(26).png":["assets/images/stage%20(26).png"],"assets/images/stage%20(3).png":["assets/images/stage%20(3).png"],"assets/images/stage%20(4).png":["assets/images/stage%20(4).png"],"assets/images/stage%20(5).png":["assets/images/stage%20(5).png"],"assets/images/stage%20(6).png":["assets/images/stage%20(6).png"],"assets/images/stage%20(7).png":["assets/images/stage%20(7).png"],"assets/images/stage%20(8).png":["assets/images/stage%20(8).png"],"assets/images/stage%20(9).png":["assets/images/stage%20(9).png"],"packages/cupertino_icons/assets/CupertinoIcons.ttf":["packages/cupertino_icons/assets/CupertinoIcons.ttf"]}